sample_case,gml_id,longitude,latitude,centroid_x_25832,centroid_y_25832,address,dashboard_png,bauweise_group,bauweise,baujahr,construction_year_used_for_assignment,construction_year_assignment_source,dachform,roof_group_csv,anzahlDerOberirdischenGeschosse,above_ground_storeys_clean,underground_storeys_for_gfa,attic_storey_factor_for_gfa,total_storeys_for_gfa,grundflaeche_clean_m2,estimated_gfa_m2,total_material_intensity_kg_m2,assignment_role,assignment_level,confidence_tier,confidence_label,assignment_reference_kind,assigned_typology_ids,typology_assignment_rule,total_material_stock_t,ioer_variant_assignment_role,benchmark_role,ioer_variant_confidence,ioer_variant_type,ioer_variant_reason,ioer_total_material_stock_t
exact_multi_family,DEHHALKAP0007dOA,10.003679,53.600243,566418.37,5939514.27,"Fiefstücken 13, 22299 Hamburg",/Users/rirarum/Documents/REAP/Thesis/URBAN MINE HH/results/maps/hamburg_heeren_individual_sample_dashboards/sample_01_exact_multi_family_DEHHALKAP0007dOA.png,mfh,2500,1930,1930.0,observed_cleaned,3200,attic_possible,4,4.0,0.0,1.0,5.0,1587.0,7935.0,1232.63,primary,1_gruhler_specific_typology,A_direct,A - Direct match,single_typology,125,mfh_4_storey_1919_1945_typology_125,9780.92,benchmark,ioer_benchmark,,IÖR_MFH_Hamburg,ioer_benchmark_mfh_for_bauweise_1200_2500,10120.66
exact_single_family,DEHHALKA70002hmT,10.101593,53.703111,572720.36,5951053.94,"Steenbargsweg 9, 22397 Hamburg",/Users/rirarum/Documents/REAP/Thesis/URBAN MINE HH/results/maps/hamburg_heeren_individual_sample_dashboards/sample_02_exact_single_family_DEHHALKA70002hmT.png,detached_sfh,1100,1968,1968.0,observed_cleaned,3400,attic_possible,1,1.0,0.0,1.0,2.0,243.0,486.0,1430.05,primary,1_gruhler_specific_typology,A_direct,A - Direct match,single_typology,114,detached_1_storey_1961_2002_attic_possible_typology_114,695.0,benchmark,ioer_benchmark,,IÖR_EFH_Hamburg,ioer_benchmark_efh_for_bauweise_1100_2100,653.56
exact_single_family,DEHHALKA70001xor,10.114221,53.572519,573781.5,5936538.92,"Hasenstieg 22 a, 22043 Hamburg",/Users/rirarum/Documents/REAP/Thesis/URBAN MINE HH/results/maps/hamburg_heeren_individual_sample_dashboards/sample_03_exact_single_family_DEHHALKA70001xor.png,detached_sfh,1100,1995,1995.0,observed_cleaned,1000,no_attic_proxy,1,1.0,0.0,0.0,1.0,109.0,109.0,904.77,primary,1_gruhler_specific_typology,A_direct,A - Direct match,single_typology,116,detached_1_storey_1991_2002_flat_roof_typology_116,98.62,benchmark,ioer_benchmark,,IÖR_EFH_Hamburg,ioer_benchmark_efh_for_bauweise_1100_2100,146.58
exact_single_family,DEHHALKAn00012UY,10.172717,53.51394,577762.13,5930084.5,"Boberger Drift 42, 21031 Hamburg",/Users/rirarum/Documents/REAP/Thesis/URBAN MINE HH/results/maps/hamburg_heeren_individual_sample_dashboards/sample_04_exact_single_family_DEHHALKAn00012UY.png,row_terraced_grouped_sfh,2200,1999,1999.0,observed_cleaned,1000,no_attic_proxy,2,2.0,0.0,0.0,2.0,65.0,130.0,1070.58,primary,1_gruhler_specific_typology,A_direct,A - Direct match,single_typology,121,row_house_2_storey_1990_2002_typology_121,139.18,benchmark,ioer_benchmark,,IÖR_MFH_Hamburg,ioer_benchmark_mfh_for_attached_row_house_bauweise_2200_2300_2400,165.81
exact_multi_family,DEHHALKA70002RYb,10.079384,53.660568,571326.2,5946298.55,"Auf der Koppel 28, 22399 Hamburg",/Users/rirarum/Documents/REAP/Thesis/URBAN MINE HH/results/maps/hamburg_heeren_individual_sample_dashboards/sample_05_exact_multi_family_DEHHALKA70002RYb.png,mfh,2500,1977,1977.0,observed_cleaned,1000,no_attic_proxy,4,4.0,0.0,0.0,4.0,1483.0,5932.0,1127.68,primary,1_gruhler_specific_typology,A_direct,A - Direct match,single_typology,126,mfh_4_storey_1971_2002_typology_126,6689.38,benchmark,ioer_benchmark,,IÖR_MFH_Hamburg,ioer_benchmark_mfh_for_bauweise_1200_2500,7565.94
exact_multi_family,DEHHALKAJ00014YX,10.118733,53.546001,574126.62,5933593.5,"Jenkelweg 7, 22119 Hamburg",/Users/rirarum/Documents/REAP/Thesis/URBAN MINE HH/results/maps/hamburg_heeren_individual_sample_dashboards/sample_06_exact_multi_family_DEHHALKAJ00014YX.png,mfh,2500,1974,1974.0,observed_cleaned,1000,no_attic_proxy,11,11.0,0.0,0.0,11.0,257.0,2827.0,1154.8,primary,1_gruhler_specific_typology,A_direct,A - Direct match,single_typology,129,mfh_11_storey_1970_1991_typology_129,3264.63,benchmark,ioer_benchmark,,IÖR_MFH_Hamburg,ioer_benchmark_mfh_for_bauweise_1200_2500,3605.68
exact_multi_family,DEHHALKAP00010JU,9.853175,53.590813,556471.63,5938335.25,"Bornheide 80, 22549 Hamburg",/Users/rirarum/Documents/REAP/Thesis/URBAN MINE HH/results/maps/hamburg_heeren_individual_sample_dashboards/sample_07_exact_multi_family_DEHHALKAP00010JU.png,mfh,1200,1970,1970.0,observed_cleaned,1000,no_attic_proxy,18,18.0,0.0,0.0,18.0,428.0,7704.0,1139.45,primary,1_gruhler_specific_typology,A_direct,A - Direct match,single_typology,130,mfh_18_storey_1970_1991_typology_130,8778.36,benchmark,ioer_benchmark,,IÖR_MFH_Hamburg,ioer_benchmark_mfh_for_bauweise_1200_2500,9826.03
exact_multi_family,DEHHALKAP0000pgr,9.74713,53.580967,549464.12,5937160.97,"Hasenwinkel 48, 22559 Hamburg",/Users/rirarum/Documents/REAP/Thesis/URBAN MINE HH/results/maps/hamburg_heeren_individual_sample_dashboards/sample_08_exact_multi_family_DEHHALKAP0000pgr.png,mfh,1200,1995,1995.0,observed_cleaned,1000,no_attic_proxy,3,3.0,1.0,0.0,4.0,284.0,1136.0,1187.91,primary,1_gruhler_specific_typology,A_direct,A - Direct match,single_typology,131,mfh_3_storey_1990_2011_typology_131,1349.47,benchmark,ioer_benchmark,,IÖR_MFH_Hamburg,ioer_benchmark_mfh_for_bauweise_1200_2500,1448.91
representative_match,DEHHALKAV0000O4F,9.954984,53.578017,563229.28,5936997.29,"Lastropsweg 6, 20255 Hamburg",/Users/rirarum/Documents/REAP/Thesis/URBAN MINE HH/results/maps/hamburg_heeren_individual_sample_dashboards/sample_09_representative_match_DEHHALKAV0000O4F.png,mfh,2500,1908,1908.0,observed_cleaned,1000,no_attic_proxy,5,5.0,0.0,0.0,5.0,208.0,1040.0,1244.69,primary,1_gruhler_specific_typology,B_representative,B - Representative match,single_typology,123,mfh_4_to_7_storey_1870_1918_no_attic_proxy_typology_123,1294.48,benchmark,ioer_benchmark,,IÖR_MFH_Hamburg,ioer_benchmark_mfh_for_bauweise_1200_2500,1326.46
representative_match,DEHHALKAP0001BYj,9.896403,53.571459,559359.9,5936217.35,"Luruper Chaussee 39, 22761 Hamburg",/Users/rirarum/Documents/REAP/Thesis/URBAN MINE HH/results/maps/hamburg_heeren_individual_sample_dashboards/sample_10_representative_match_DEHHALKAP0001BYj.png,mfh,2500,1900,1900.0,observed_cleaned,3200,attic_possible,5,5.0,0.0,1.0,6.0,629.0,3774.0,1234.39,primary,1_gruhler_specific_typology,B_representative,B - Representative match,single_typology,124,mfh_4_to_7_storey_1870_1918_attic_possible_typology_124,4658.6,benchmark,ioer_benchmark,,IÖR_MFH_Hamburg,ioer_benchmark_mfh_for_bauweise_1200_2500,4813.53
averaged_or_fallback,DEHHALKAV0000YI1,9.92609,53.608633,561271.96,5940378.04,"Uhuweg 12 a, 22527 Hamburg",/Users/rirarum/Documents/REAP/Thesis/URBAN MINE HH/results/maps/hamburg_heeren_individual_sample_dashboards/sample_11_averaged_or_fallback_DEHHALKAV0000YI1.png,detached_sfh,1100,NULL,,unavailable,3100,attic_possible,1,1.0,0.0,1.0,2.0,147.0,294.0,1272.8,primary,3_gruhler_fallback_average,C_fallback,C - Fallback estimate,unweighted_average,114+115+116+117+118,baujahr_unknown_detached_or_semi_detached_sfh_average_114_118,374.2,benchmark,ioer_benchmark,,IÖR_EFH_Hamburg,ioer_benchmark_efh_for_bauweise_1100_2100,395.36
averaged_or_fallback,DEHHALKA70001qXH,10.108158,53.579849,573367.4,5937348.06,"Thingsberg 4, 22045 Hamburg",/Users/rirarum/Documents/REAP/Thesis/URBAN MINE HH/results/maps/hamburg_heeren_individual_sample_dashboards/sample_12_averaged_or_fallback_DEHHALKA70001qXH.png,detached_sfh,1100,NULL,,unavailable,3100,attic_possible,1,1.0,0.0,1.0,2.0,72.0,144.0,1272.8,primary,3_gruhler_fallback_average,C_fallback,C - Fallback estimate,unweighted_average,114+115+116+117+118,baujahr_unknown_detached_or_semi_detached_sfh_average_114_118,183.28,benchmark,ioer_benchmark,,IÖR_EFH_Hamburg,ioer_benchmark_efh_for_bauweise_1100_2100,193.65
averaged_or_fallback,DEHHALKAJ00010i5,10.077521,53.551121,571387.44,5934120.99,"Hertogestraße 4 a, 22111 Hamburg",/Users/rirarum/Documents/REAP/Thesis/URBAN MINE HH/results/maps/hamburg_heeren_individual_sample_dashboards/sample_13_averaged_or_fallback_DEHHALKAJ00010i5.png,mfh,2500,1973,1973.0,observed_cleaned,1000,no_attic_proxy,5,5.0,0.0,0.0,5.0,286.0,1430.0,1571.16,primary,2_gruhler_candidate_average,C_fallback,C - Fallback estimate,unweighted_average,126+127+128,mfh_5_storey_1970_1991_construction_system_unclear_average_126_127_128,2246.77,benchmark,ioer_benchmark,,IÖR_MFH_Hamburg,ioer_benchmark_mfh_for_bauweise_1200_2500,1823.89
averaged_or_fallback,DEHHALKA70002krA,10.169509,53.655567,577290.6,5945836.44,"Im Sorenfelde 33 b, 22359 Hamburg",/Users/rirarum/Documents/REAP/Thesis/URBAN MINE HH/results/maps/hamburg_heeren_individual_sample_dashboards/sample_14_averaged_or_fallback_DEHHALKA70002krA.png,row_terraced_grouped_sfh,2200,NULL,,unavailable,3100,attic_possible,1,1.0,0.0,1.0,2.0,110.0,220.0,2410.2,primary,5_ortlepp_general_mfh_average,C_fallback,C - Fallback estimate,unweighted_average,132+133+134+135+136,baujahr_unavailable_ortlepp_general_row_or_mfh_average_132_136,530.24,benchmark,ioer_benchmark,,IÖR_MFH_Hamburg,ioer_benchmark_mfh_for_attached_row_house_bauweise_2200_2300_2400,280.6
averaged_or_fallback,DEHHALKA1lG000Hr,9.756017,53.587957,550044.22,5937944.85,"Hildebrandtwiete 2 b, 22559 Hamburg",/Users/rirarum/Documents/REAP/Thesis/URBAN MINE HH/results/maps/hamburg_heeren_individual_sample_dashboards/sample_15_averaged_or_fallback_DEHHALKA1lG000Hr.png,semi_detached_sfh,2100,1500,,unavailable,3100,attic_possible,1,1.0,0.0,1.0,2.0,74.0,148.0,1272.8,primary,3_gruhler_fallback_average,C_fallback,C - Fallback estimate,unweighted_average,114+115+116+117+118,baujahr_unknown_detached_or_semi_detached_sfh_average_114_118,188.37,benchmark,ioer_benchmark,,IÖR_EFH_Hamburg,ioer_benchmark_efh_for_bauweise_1100_2100,199.03
