quality_flag,building_count,share_of_residential_buildings_pct
year_missing,96403,42.41
gruhler_fallback_used,75118,33.04
ortlepp_fallback_used,48717,21.43
bauweise_missing,20833,9.16
attic_proxy_used,13590,5.98
two_storey_sfh_extension,13429,5.91
candidate_average_used,9999,4.4
roof_unknown,9295,4.09
year_multiple_earliest_used,7291,3.21
roof_not_in_csv_assignment_groups,5038,2.22
year_invalid_placeholder_1500,1763,0.78
gfa_missing_or_invalid,225,0.1
storeys_missing_or_invalid,224,0.1
bauweise_not_in_csv_residential_groups,177,0.08
representative_mfh_extension,116,0.05
year_invalid_or_unusable,1,0.0
footprint_missing_or_invalid,1,0.0
