Heeren Database ID,Heeren building description,Heeren function type,Structure,Construction period,Hamburg evidence needed,High-confidence match if,Fallback 1,Fallback 2,Do not use if,Notes,Assignment level
114,One floor house - w/ attic E-EH 1,R_SFH_detached,RC_unspecified,after 1960 (Gruhler; operational upper bound 2002),gebaeudefunktion; anzahlDerOberirdischenGeschosse; bauweise; baujahr; dachform,gebaeudefunktion = residential* + anzahlDerOberirdischenGeschosse: 1 OR 2 + bauweise = SFH_detached + period matches: 1960 <= baujahr <= 2002 + dachform = attic_possible**,dachform unknown + 1960 <= baujahr <= 2002 -> average 114+115,baujahr unknown -> Detached SFH average (114-116),bauweise contradicts detached OR anzahlDerOberirdischenGeschosse != 1 OR 2 OR baujahr outside reference period,"Similar observable characteristics for 114, 115, 116. IDs 114 and 115 are post-1960 Gruhler types; ID 116 is the post-1990 no-attic type. 2002 is a study boundary, not an original typology boundary. Buildings satisfying the detached or semi-detached building-form criteria but containing two above-ground storeys were assigned to the closest corresponding single-family house typology as a representative match. These assignments were classified as Tier B and flagged accordingly, reflecting that the building morphology is considered sufficiently similar despite the difference in the number of storeys.",
115,One floor house - no attic E-EH 2,R_SFH_detached,M_brick,after 1960 (Gruhler; operational upper bound 2002),gebaeudefunktion; anzahlDerOberirdischenGeschosse; bauweise; baujahr; dachform,"gebaeudefunktion = residential* + anzahlDerOberirdischenGeschosse: 1 OR 2 + bauweise = SFH_detached + period matches: 1960 <= baujahr <= 2002 + dachform IN {3100, 3200, 3300, 3500}
",dachform unknown -> average 114+115 with uncertainty; mansard/large usable-attic roof form ,baujahr unknown -> Detached SFH average (114-116),bauweise contradicts detached OR anzahlDerOberirdischenGeschosse != 1 OR 2 OR baujahr outside reference period,"E-EH 2 is better interpreted as a house with a pitched roof / attic space present but not usable, not as a house without any attic. Use roof form only as a proxy: exclude mansard and other larger roof forms that likely indicate usable/expanded attic space. Buildings satisfying the detached or semi-detached building-form criteria but containing two above-ground storeys were assigned to the closest corresponding single-family house typology as a representative match. These assignments were classified as Tier B and flagged accordingly, reflecting that the building morphology is considered sufficiently similar despite the difference in the number of storeys.",
116,One floor house - no attic E-EH 3,R_SFH_detached,M_brick,after 1990 (Gruhler; operational upper bound 2002),gebaeudefunktion; anzahlDerOberirdischenGeschosse; bauweise; baujahr; dachform,gebaeudefunktion = residential* + anzahlDerOberirdischenGeschosse: 1 OR 2 + bauweise = SFH_detached + period matches: 1990 <= baujahr <= 2002 + dachform = 1000,dachform unknown → average matching detached candidates within period,baujahr unknown -> Detached SFH average (114-116),bauweise contradicts detached OR anzahlDerOberirdischenGeschosse != 1 OR 2 OR baujahr outside reference period,"E-EH 3 is a specific post-1990 no-attic detached-house type. 2002 is a study boundary, not an original typology boundary. Buildings satisfying the detached or semi-detached building-form criteria but containing two above-ground storeys were assigned to the closest corresponding single-family house typology as a representative match. These assignments were classified as Tier B and flagged accordingly, reflecting that the building morphology is considered sufficiently similar despite the difference in the number of storeys.",
117,One floor duplex house - w/ attic E-DH 1,R_SFH_detached,RC_unspecified,after 1960 (Gruhler; operational upper bound 2002),gebaeudefunktion; anzahlDerOberirdischenGeschosse; bauweise; baujahr; dachform,gebaeudefunktion = residential* + anzahlDerOberirdischenGeschosse: 1 OR 2 + bauweise = SFH_semi_detached *** + period matches: 1960 <= baujahr <= 2002 + dachform = attic_possible**,dachform unknown → average matching semi-detached candidates within period,baujahr unknown → semi-detached SFH average (117–118),bauweise contradicts semi-detached OR anzahlDerOberirdischenGeschosse != 1 OR 2 OR baujahr outside reference period,"117 and 118 cannot be distinguished with available Hamburg attributes; assign average(117,118) whenever the high-confidence condition is met. 2002 is a study boundary, not an original typology boundary. Buildings satisfying the detached or semi-detached building-form criteria but containing two above-ground storeys were assigned to the closest corresponding single-family house typology as a representative match. These assignments were classified as Tier B and flagged accordingly, reflecting that the building morphology is considered sufficiently similar despite the difference in the number of storeys.",
118,One floor duplex house - w/ attic E-DH 2,R_SFH_detached,M_brick,after 1960 (Gruhler; operational upper bound 2002),gebaeudefunktion; anzahlDerOberirdischenGeschosse; bauweise; baujahr; dachform,gebaeudefunktion = residential* + anzahlDerOberirdischenGeschosse: 1 OR 2 + bauweise = SFH_semi_detached *** + period matches: 1960 <= baujahr <= 2002 + dachform = attic_possible**,dachform unknown → average matching semi-detached candidates within period,baujahr unknown → semi-detached SFH average (117–118),bauweise contradicts semi-detached OR anzahlDerOberirdischenGeschosse != 1 OR 2 OR baujahr outside reference period,"117 and 118 cannot be distinguished with available Hamburg attributes; assign average(117,118) whenever the high-confidence condition is met. 2002 is a study boundary, not an original typology boundary. Buildings satisfying the detached or semi-detached building-form criteria but containing two above-ground storeys were assigned to the closest corresponding single-family house typology as a representative match. These assignments were classified as Tier B and flagged accordingly, reflecting that the building morphology is considered sufficiently similar despite the difference in the number of storeys.",
119,Two floor house - townhouse - no attic E-RH 1,R_SFH_rowhouse,RC_concretefloor,after 1960 (Gruhler; operational upper bound 2002),gebaeudefunktion; anzahlDerOberirdischenGeschosse; bauweise; baujahr; dachform,gebaeudefunktion = residential* + anzahlDerOberirdischenGeschosse: 2 + bauweise = SFH_row + period matches: 1960 <= baujahr <= 2002 + dachform = no_attic_proxy**,dachform unknown or attic_possible → average matching 2-storey row-house candidates within period,baujahr unknown → 2-storey row-house average (119–121),bauweise contradicts row house OR anzahlDerOberirdischenGeschosse != 2 OR baujahr outside reference period,"119 and 120 cannot be distinguished with available Hamburg attributes as the information about the building structure is not available; assign average (119, 120) whenever the high-confidence condition is met. Where the building is identified as a two-storey row/terraced/grouped house and the construction period is compatible with the Gruhler row-house typologies, attic_possible is not used to exclude the assignment. Since the ALKIS roof form indicates the possibility of attic space but does not establish its actual configuration or usability, the matching row-house candidates within the applicable construction period are averaged.",
120,Two floor house - townhouse - no attic E-RH 2,R_SFH_rowhouse,M_brick,after 1960 (Gruhler; operational upper bound 2002),gebaeudefunktion; anzahlDerOberirdischenGeschosse; bauweise; baujahr; dachform,gebaeudefunktion = residential* + anzahlDerOberirdischenGeschosse: 2 + bauweise = SFH_row + period matches: 1960 <= baujahr <= 2002 + dachform = no_attic_proxy**,dachform unknown or attic_possible → average matching 2-storey row-house candidates within period,baujahr unknown → 2-storey row-house average (119–121),bauweise contradicts row house OR anzahlDerOberirdischenGeschosse != 2 OR baujahr outside reference period,"119 and 120 cannot be distinguished with available Hamburg attributes as the information about the building structure is not available; assign average (119, 120) whenever the high-confidence condition is met. 119 and 120 cannot be distinguished with available Hamburg attributes as the information about the building structure is not available; assign average (119, 120) whenever the high-confidence condition is met",
121,Two floor house - townhouse - no attic E-RH 3,R_SFH_rowhouse,M_brick,after 1990 (Gruhler; operational upper bound 2002),gebaeudefunktion; anzahlDerOberirdischenGeschosse; bauweise; baujahr; dachform,gebaeudefunktion = residential* + anzahlDerOberirdischenGeschosse: 2 + bauweise = SFH_row+ period matches: 1990 <= baujahr <= 2002 + dachform = no_attic_proxy**,dachform unknown or attic_possible → average matching 2-storey row-house candidates within period→ assign 121 if all other attributes match,baujahr unknown → 2-storey row-house average (119–121),baujahr < 1990 OR bauweise contradicts row house OR anzahlDerOberirdischenGeschosse != 2,"Where the building is identified as a two-storey row/terraced/grouped house and the construction period is compatible with the Gruhler row-house typologies, attic_possible is not used to exclude the assignment. Since the ALKIS roof form indicates the possibility of attic space but does not establish its actual configuration or usability, the matching row-house candidates within the applicable construction period are averaged.",
122,Four floor - multifamily - halftimber IMF 1,R_MFH_low,T_traditional,before 1918,gebaeudefunktion; anzahlDerOberirdischenGeschosse; bauweise; baujahr; dachform,Additional reliable evidence of half-timber construction + gebaeudefunktion = residential* + anzahlDerOberirdischenGeschosse = 4 + bauweise = MFH *** + baujahr <= 1918,half-timber construction cannot be verified -> use pre-1919 generic MFH,baujahr unknown -> 4-storey MFH average (122-127),bauweise contradicts MFH OR anzahlDerOberirdischenGeschosse != 4 OR baujahr outside reference period,"Half-timber construction cannot be identified from the available Hamburg attributes. Exact assignment to 122 would therefore introduce unsupported precision. Typology 122 should only be used if an additional reliable indicator of half-timber construction is available; otherwise use the generic pre-1919 MFH fallback. Monument protection/building heritage records could potentially improve identification, but are outside the scope of this study.",
123,Three floor - multifamily - brick IMZ 2,R_MFH_low,M_brick,1870-1918,gebaeudefunktion; anzahlDerOberirdischenGeschosse; bauweise; baujahr; dachform,gebaeudefunktion = residential* + anzahlDerOberirdischenGeschosse = 3 + bauweise = MFH *** + period matches: 1870 <= baujahr <= 1918 + dachform = no_attic_proxy**,dachform unknown -> use pre-1919 generic MFH rather than forcing 123,baujahr unknown -> MFH average (122-127),bauweise contradicts MFH OR anzahlDerOberirdischenGeschosse != 3 OR baujahr outside 1870-1918 OR roof evidence contradicts the no-attic condition,"IMZ 2 represents a 3-storey MFH from 1870–1918. Unlike IMZ 3 (ID 124), the typology is retained as a storey-specific match and is not extended to higher-storey historical MFH. Where the roof/attic condition cannot be distinguished from the available Hamburg roof-form data, assignment to ID 123 alone is avoided.",
124,Four floor - multifamily - brick IMZ 3,R_MFH_low,M_brick,1870-1918,gebaeudefunktion; anzahlDerOberirdischenGeschosse; bauweise; baujahr; dachform,"gebaeudefunktion = residential* + anzahlDerOberirdischenGeschosse IN {4,5,6,7} + bauweise = MFH ***
+ period matches: 1870 <= baujahr <= 1918 + dachform = attic_possible**",dachform unknown -> use pre-1919 generic MFH rather than forcing 124,baujahr unknown -> 4-storey MFH average (122-127),"bauweise contradicts MFH OR anzahlDerOberirdischenGeschosse NOT IN {4,5,6,7} OR baujahr outside reference period","Gruhler provides 4-storey representative MFH types. In Hamburg, comparable historical perimeter-block apartment buildings often have 5-7 storeys. Therefore, 5-7 storey buildings are assigned to the same typology as a pragmatic representative approximation when construction period, residential use, and building form match. This is not an exact typological match; it assumes that material intensity per GFA is more strongly governed by construction period, structural system, and urban MFH type than by the additional storey count.",
125,Four floor - multifamily - brick IMZ 4,R_MFH_low,M_brick,1919-1945,gebaeudefunktion; anzahlDerOberirdischenGeschosse; bauweise; baujahr,"gebaeudefunktion = residential* + anzahlDerOberirdischenGeschosse IN {4,5,6,7} + bauweise = MFH *** + period matches: 1919 <= baujahr <= 1945",baujahr unknown -> 4-storey MFH average (122-127),,"bauweise contradicts MFH OR anzahlDerOberirdischenGeschosse NOT IN {4,5,6,7} OR baujahr outside reference period",Gruhler period corrected to 1919-1945; previous 1946 overlap was not supported by the source.,
126,Four floor - multifamily - brick IMZ 5,R_MFH_low,M_brick,after 1945 (Gruhler; open period),gebaeudefunktion; anzahlDerOberirdischenGeschosse; bauweise; baujahr,gebaeudefunktion = residential* + anzahlDerOberirdischenGeschosse = 4 + bauweise = MFH *** + period matches: 1945 <= baujahr <= 2002 ,baujahr unknown -> 4-storey MFH average (122-127),,bauweise contradicts MFH OR anzahlDerOberirdischenGeschosse != 4 OR baujahr outside reference period,"Gruhler defines this as after 1945; closed end dates are assignment harmonization, not source metadata. 2002 is a study boundary, not an original typology boundary.",
127,Four floor - multifamily - block and strip IMI 1,R_MFH_low,RC_unspecified,1961-1970,gebaeudefunktion; anzahlDerOberirdischenGeschosse; bauweise; baujahr,gebaeudefunktion = residential* + anzahlDerOberirdischenGeschosse = 4 + bauweise = MFH*** + period matches: 1961 <= baujahr <= 1970,baujahr unknown → MFH low-rise general average (122–128 + 131),,bauweise contradicts MFH OR anzahlDerOberirdischenGeschosse != 4 OR baujahr outside reference period,Gruhler period corrected to 1961-1970; previous 1971 inclusion was not supported by the source.,
128,Five floor - multifamily - panel IMI 2,R_MFH_low,RC_prefab,after 1970 (Gruhler; operational upper bound 2002),gebaeudefunktion; anzahlDerOberirdischenGeschosse; bauweise; baujahr,Additional reliable evidence of prefab construction + gebaeudefunktion = residential* + anzahlDerOberirdischenGeschosse = 5 + bauweise = MFH*** + period matches: 1970 <= baujahr <= 2002,prefab construction cannot be verified -> use low-rise generic MFH average (126 - 128),baujahr unknown → MFH low-rise general average (122–128 + 131),bauweise contradicts MFH OR anzahlDerOberirdischenGeschosse != 5 OR baujahr outside reference period,Typology 128 represents a 5-storey panel-construction MFH. Panel construction cannot be verified from the available Hamburg attribute and 5 storey houses from the period are common. The average of the similarly high MFH from the time period is used. ,
129,Eleven floor - multifamily - panel IMI 3,R_MFH_high,RC_prefab,after 1970 (Gruhler; operational upper bound 2002),gebaeudefunktion; anzahlDerOberirdischenGeschosse; bauweise; baujahr,gebaeudefunktion = residential* + anzahlDerOberirdischenGeschosse = 11 + bauweise = MFH*** + period matches: 1970 <= baujahr <= 2002,baujahr unknown → High-rise MFH average (129+130),,bauweise contradicts MFH OR anzahlDerOberirdischenGeschosse != 11 OR baujahr outside reference period,"Typology 129 represents an 11-storey panel-construction MFH. Panel construction cannot be verified from the available Hamburg attributes; assignment is based on function, storeys, building form and period.",
130,Eighteen floor - multifamily - panel IMI 4,R_MFH_high,RC_prefab,after 1970 (Gruhler; operational upper bound 2002),gebaeudefunktion; anzahlDerOberirdischenGeschosse; bauweise; baujahr,gebaeudefunktion = residential* + anzahlDerOberirdischenGeschosse = 18 + bauweise = MFH*** + period matches: 1970 <= baujahr <= 2002,baujahr unknown → High-rise MFH average (129+130),,building form contradicts MFH OR anzahlDerOberirdischenGeschosse != 18 OR baujahr outside reference period,"Typology 130 represents an 18-storey panel-construction MFH. Panel construction cannot be verified from the available Hamburg attributes; assignment is based on function, storeys, building form and period.",
131,Three floor - multifamily - brick GWB,R_MFH_low,M_brick,after 1990 (Gruhler; operational upper bound 2002),gebaeudefunktion; anzahlDerOberirdischenGeschosse; bauweise; baujahr,gebaeudefunktion = residential* + anzahlDerOberirdischenGeschosse = 3 + bauweise = MFH*** + period matches: 1990 <= baujahr <= 2002,baujahr unknown → MFH low-rise general average (122–128 + 131),,building form contradicts MFH OR anzahlDerOberirdischenGeschosse != 3 OR baujahr outside reference period,"Typology 131 represents a 3-storey brick MFH. Brick construction cannot be identified from available Hamburg attributes; assignment is based on residential function, MFH form, storeys and construction period.",
132,MFH,R_MFH_unspecified,M_brick,before 1919,"bauweise, baujahr",No more specific Gruhler typology (IDs 114–131) can be assigned + gebaeudefunktion = residential* + bauweise = MFH or SFH_row***  + period matches: baujahr < 1919,baujahr estimated → use corresponding Ortlepp period typology,baujahr unavailable → Ortlepp general MFH average (132–136),specific Gruhler typology can be assigned OR bauweise contradicts MFH,Ortlepp typologies 132–136 are used as period-based fallback typologies only when the available Hamburg attributes are insufficient for assignment to a more specific Gruhler typology. Row houses were included in the assignment logic because Hamburg has a presence of historical multi-storeys row houses within the central districts.  ,Period average / fallback
133,MFH,R_MFH_unspecified,M_brick,1919–1949,"bauweise, baujahr",No more specific Gruhler typology (IDs 114–131) can be assigned + gebaeudefunktion = residential* + bauweise = MFH or SFH_row*** + period matches: 1919 <= baujahr < 1949,baujahr estimated → use corresponding Ortlepp period typology,baujahr unavailable → Ortlepp general MFH average (132–136),specific Gruhler typology can be assigned OR bauweise contradicts MFH,"Ortlepp typologies 132–136 are used as period-based fallback typologies only when the available Hamburg attributes are insufficient for assignment to a more specific Gruhler typology. For implementation, adjacent Ortlepp construction-period classes are treated as half-open intervals to avoid overlapping assignments: 1919–<1949, 1949–<1979, 1979–<1991, and 1991–2011. Row houses were included in the assignment logic because Hamburg has a presence of historical multi-storeys row houses within the central districts.  ",Period average / fallback
134,MFH,R_MFH_unspecified,RC_unspecified,1949–1979,"bauweise, baujahr",No more specific Gruhler typology (IDs 114–131) can be assigned + gebaeudefunktion = residential* + bauweise = MFH or SFH_row*** + period matches: 1949 <= baujahr < 1979,baujahr estimated → use corresponding Ortlepp period typology,baujahr unavailable → Ortlepp general MFH average (132–136),specific Gruhler typology can be assigned OR bauweise contradicts MFH,"Ortlepp typologies 132–136 are used as period-based fallback typologies only when the available Hamburg attributes are insufficient for assignment to a more specific Gruhler typology. For implementation, adjacent Ortlepp construction-period classes are treated as half-open intervals to avoid overlapping assignments: 1919–<1949, 1949–<1979, 1979–<1991, and 1991–2011. Row houses were included in the assignment logic because Hamburg has a presence of historical multi-storeys row houses within the central districts.  ",Period average / fallback
135,MFH,R_MFH_unspecified,RC_unspecified,1979–1991,"bauweise, baujahr",No more specific Gruhler typology (IDs 114–131) can be assigned + gebaeudefunktion = residential* + bauweise = MFH or SFH_row*** + period matches: 1979 <= baujahr < 1991,baujahr estimated → use corresponding Ortlepp period typology,baujahr unavailable → Ortlepp general MFH average (132–136),specific Gruhler typology can be assigned OR bauweise contradicts MFH,"Ortlepp typologies 132–136 are used as period-based fallback typologies only when the available Hamburg attributes are insufficient for assignment to a more specific Gruhler typology. For implementation, adjacent Ortlepp construction-period classes are treated as half-open intervals to avoid overlapping assignments: 1919–<1949, 1949–<1979, 1979–<1991, and 1991–2011. Row houses were included in the assignment logic because Hamburg has a presence of historical multi-storeys row houses within the central districts.  ",Period average / fallback
136,MFH,R_MFH_unspecified,M_brick,1991–2011,"bauweise, baujahr",No more specific Gruhler typology (IDs 114–131) can be assigned + gebaeudefunktion = residential* + bauweise = MFH or SFH_row*** + period matches: 1991 <= baujahr <= 2011,baujahr estimated → use corresponding Ortlepp period typology,baujahr unavailable → Ortlepp general MFH average (132–136),specific Gruhler typology can be assigned OR bauweise contradicts MFH,"Ortlepp typologies 132–136 are used as period-based fallback typologies only when the available Hamburg attributes are insufficient for assignment to a more specific Gruhler typology. For implementation, adjacent Ortlepp construction-period classes are treated as half-open intervals to avoid overlapping assignments: 1919–<1949, 1949–<1979, 1979–<1991, and 1991–2011. Row houses were included in the assignment logic because Hamburg has a presence of historical multi-storeys row houses within the central districts.  ",Period average / fallback
137,MFH - brickwork,R_MFH_unspecified,M_brick,1870–2000,MFH + reliable masonry/brick proxy,,,,,"Construction system required to distinguish typologies 137 and 138 is not available in the Hamburg building dataset. These typologies are therefore excluded from the standard assignment cascade. Where no specific Gruhler typology can be assigned, period-specific Ortlepp typologies 132–136 are preferred.",Not assignable with available Hamburg data
138,MFH - reinforced concrete,R_MFH_unspecified,RC_unspecified,1870–2000,MFH + reliable RC proxy,,,,,"Construction system required to distinguish typologies 137 and 138 is not available in the Hamburg building dataset. These typologies are therefore excluded from the standard assignment cascade. Where no specific Gruhler typology can be assigned, period-specific Ortlepp typologies 132–136 are preferred.",Not assignable with available Hamburg data
,IÖR_EFH_Hamburg,R_EFH_ZFH_Hamburg_benchmark,IÖR Hamburg average,Hamburg stock-weighted average,gebaeudefunktion; bauweise,gebaeudefunktion = residential* + bauweise = SFH_detached or SFH_semi_detached***,,"If bauweise is missing but building is residential and non-MFH by other evidence, document as low-confidence IÖR_EFH candidate.",Do not use as primary Heeren/Gruhler/Ortlepp assignment.,"IÖR EFH Hamburg is an external Hamburg-average benchmark, not a building-specific typology. Use for comparison/dashboard coverage, especially where primary typology assignment is missing or for aggregate plausibility checks.",Benchmark / comparison layer
,IÖR_MFH_Hamburg,R_MFH_Hamburg_benchmark,IÖR Hamburg average,Hamburg stock-weighted average,gebaeudefunktion; bauweise,gebaeudefunktion = residential* + bauweise = SFH_row or MFH***,,"If bauweise is missing but building is residential and MFH by other evidence, document as low-confidence IÖR_MFH candidate.",Do not use as primary Heeren/Gruhler/Ortlepp assignment.,"IÖR MFH Hamburg is an external Hamburg-average benchmark, not a building-specific typology. Use for comparison/dashboard coverage, especially where primary typology assignment is missing or for aggregate plausibility checks. SFH_row are treated as MFH for this category. Row houses are mapped to the IÖR MFH Hamburg average as a pragmatic benchmark harmonization. IÖR only distinguishes EFH/ZFH and MFH averages, while row houses form an intermediate attached residential type. Because their party-wall condition and compact urban morphology are closer to collective/attached residential stock than to detached or semi-detached houses, the MFH average is used for the IÖR comparison layer. This does not affect the primary typology assignment.",Benchmark / comparison layer
,,,,,,,,,,,
,,,,,,,,,,,
,,,,,,,,,,,
,"* Building function ""Residential"" = gebäudefunktion = 1010, 1020, 1210, 1100, 1110, 1120, 1130, 1220",,,,,,,,,,
,,,,,,,,,,,
,,,,,,,,,,,
,** Definition of rood form,,,,,,,,,,
,"roof_group = ""no_attic_proxy"" if dachform in {1000, 2100}",,,,,,,,,,
,,,,,,,,,,,
,"roof_group = ""attic_possible"" if dachform in {3100, 3200, 3300, 3400, 3500}",,,,,,,,,,
,,,,,,,,,,,
,"roof_group = ""attic_unknown"" if dachform in {2200, 3600, 3700, 3800, 3900, 4000, 5000, 9999} or dachform is NULL",,,,,,,,,,
,,,,,,,,,,,
,,,,,,,,,,,
,*** Building form proxies,,,,,,,,,,
,SFH_detached → 1100,,,,,,,,,,
,SFH_semi_detached → 2100,,,,,,,,,,
,"SFH_row → {2200, 2300, 2400}",,,,,,,,,,
,"MFH → {1200, 2500}",,,,,,,,,,
,,,,,,,,,,,
,,,,,,,,,,,
,,,,,,,,,,,
,Average group,Heeren IDs,Use when,,,,,,,,
,SFH general average,114–121,"SFH is known, but neither subtype/storeys/period can be resolved sufficiently",,,,,,,,
,Detached SFH average,114–116,"Detached character remains known, but period or finer distinction is missing",,,,,,,,
,Semi-detached SFH average,117–118,"Semi-detached character remains known, but period or finer distinction is missing",,,,,,,,
,2-storey row-house average,119–121,"Row-house form and 2 storeys are known, but period is unavailable",,,,,,,,
,MFH low-rise general average,122–128 + 131,MFH is known but storeys/period do not permit a more specific match,,,,,,,,
,4-storey MFH average,122–127,"Exactly 4 storeys known, but period/subtype cannot be resolved",,,,,,,,
,High-rise MFH average,129 + 130,High-rise is known but exact height/storey class is unavailable,,,,,,,,
,,,,,,,,,,,
,Ortlepp general MFH average,132–136,Unweighted average of the five period-specific Ortlepp MFH material-intensity vectors; used when MFH classification is known but no usable construction year or more specific typological information is available.,,,,,,,,